{"stat.drop.minecraft.stone_pickaxe":1,"stat.pickup.minecraft.bone":2,"stat.useItem.minecraft.iron_axe":76,"stat.leaveGame":14,"stat.mineBlock.minecraft.cobblestone":4,"stat.useItem.minecraft.log2":4,"stat.mineBlock.minecraft.pumpkin":5,"stat.pickup.minecraft.stone_pickaxe":6,"stat.pickup.minecraft.flint":1,"stat.mineBlock.minecraft.yellow_flower":5,"stat.craftItem.minecraft.iron_axe":1,"stat.swimOneCm":191707,"stat.useItem.minecraft.dirt":158,"stat.useItem.minecraft.stone_slab2":39,"stat.craftItem.minecraft.dark_oak_door":3,"stat.pickup.minecraft.rotten_flesh":4,"stat.pickup.minecraft.sand":4,"stat.craftItem.minecraft.furnace":1,"stat.useItem.minecraft.red_flower":1,"stat.craftItem.minecraft.stone_axe":5,"stat.craftItem.minecraft.stone_pickaxe":11,"stat.craftItem.minecraft.cooked_beef":13,"stat.pickup.minecraft.cobblestone":1285,"stat.craftItem.minecraft.stone_sword":1,"stat.flyOneCm":445334,"stat.mineBlock.minecraft.sand":2,"stat.useItem.minecraft.cooked_beef":7,"stat.mineBlock.minecraft.iron_ore":54,"stat.timeSinceDeath":77496,"stat.useItem.minecraft.sign":2,"stat.useItem.minecraft.iron_pickaxe":251,"stat.craftItem.minecraft.wooden_pickaxe":2,"stat.pickup.minecraft.mutton":8,"stat.pickup.minecraft.double_plant":11,"stat.killEntity.Bat":1,"stat.craftItem.minecraft.bed":1,"stat.pickup.minecraft.dark_oak_door":2,"stat.furnaceInteraction":22,"stat.killEntity.ZombieVillager":1,"stat.mineBlock.minecraft.coal_ore":269,"stat.mineBlock.minecraft.red_mushroom_block":51,"stat.pickup.minecraft.beef":13,"stat.useItem.minecraft.cooked_mutton":2,"stat.sprintOneCm":166436,"stat.craftItem.minecraft.stick":80,"stat.craftItem.minecraft.wooden_axe":1,"stat.useItem.minecraft.dark_oak_door":4,"stat.killEntity.Horse":1,"stat.mineBlock.minecraft.crafting_table":2,"stat.deaths":5,"stat.drop":2,"stat.playOneMinute":237993,"stat.killEntity.Sheep":5,"stat.craftItem.minecraft.iron_pickaxe":2,"stat.killEntity.Zombie":4,"stat.mineBlock.minecraft.tallgrass":53,"stat.craftItem.minecraft.cooked_mutton":8,"stat.diveOneCm":6498,"stat.pickup.minecraft.cooked_mutton":4,"stat.chestOpened":43,"stat.pickup.minecraft.pumpkin":5,"stat.craftItem.minecraft.sign":3,"stat.pickup.minecraft.sign":1,"stat.useItem.minecraft.stone":2,"stat.pickup.minecraft.gravel":18,"stat.pickup.minecraft.arrow":2,"stat.pickup.minecraft.stone_axe":2,"stat.jump":1871,"stat.pickup.minecraft.coal":444,"stat.fallOneCm":19869,"stat.useItem.minecraft.stone_axe":261,"stat.pickup.minecraft.gunpowder":1,"stat.crouchOneCm":8782,"stat.mineBlock.minecraft.chest":1,"stat.craftItem.minecraft.torch":86,"stat.craftItem.minecraft.chest":3,"stat.craftItem.minecraft.iron_ingot":32,"stat.pickup.minecraft.dirt":336,"stat.pickup.minecraft.red_mushroom":13,"stat.craftingTableInteraction":51,"stat.pickup.minecraft.iron_ore":106,"stat.mineBlock.minecraft.leaves2":7,"stat.mineBlock.minecraft.log2":258,"stat.damageTaken":1780,"stat.pickup.minecraft.feather":4,"stat.pickup.minecraft.leather":3,"stat.mineBlock.minecraft.red_flower":5,"stat.mineBlock.minecraft.torch":10,"stat.useItem.minecraft.wooden_pickaxe":118,"stat.pickup.minecraft.log2":350,"stat.pickup.minecraft.planks":2,"stat.pickup.minecraft.bed":1,"stat.pickup.minecraft.wheat_seeds":8,"stat.mineBlock.minecraft.gravel":20,"stat.useItem.minecraft.stone_pickaxe":1290,"stat.breakItem.minecraft.stone_axe":1,"stat.useItem.minecraft.stone_sword":22,"stat.damageDealt":3617,"stat.sleepInBed":6,"stat.killEntity.Cow":6,"stat.mineBlock.minecraft.dirt":272,"stat.craftItem.minecraft.iron_sword":1,"stat.drop.minecraft.stick":2,"stat.walkOneCm":743282,"stat.useItem.minecraft.torch":36,"stat.pickup.minecraft.stick":4,"stat.pickup.minecraft.crafting_table":2,"stat.useItem.minecraft.cobblestone":29,"stat.craftItem.minecraft.crafting_table":2,"stat.useItem.minecraft.gravel":1,"stat.mineBlock.minecraft.double_plant":1,"stat.breakItem.minecraft.stone_pickaxe":2,"stat.pickup.minecraft.log":160,"stat.pickup.minecraft.stone":143,"stat.pickup.minecraft.chicken":5,"stat.pickup.minecraft.sapling":9,"stat.entityKilledBy.Enderman":3,"stat.pickup.minecraft.cooked_beef":4,"stat.killEntity.Skeleton":2,"stat.pickup.minecraft.coal_block":1,"stat.craftItem.minecraft.planks":158,"stat.useItem.minecraft.iron_sword":44,"stat.killEntity.Chicken":5,"stat.pickup.minecraft.stone_sword":3,"stat.mobKills":26,"stat.mineBlock.minecraft.log":106,"stat.craftItem.minecraft.cooked_chicken":5,"stat.mineBlock.minecraft.leaves":10,"stat.pickup.minecraft.torch":19,"stat.pickup.minecraft.red_flower":4,"stat.sneakTime":3121,"stat.pickup.minecraft.wool":10,"stat.craftItem.minecraft.coal_block":1,"stat.useItem.minecraft.wooden_axe":59,"stat.pickup.minecraft.yellow_flower":6,"stat.mineBlock.minecraft.stone":1024,"stat.pickup.minecraft.chest":1}