{"stat.chestOpened":5,"stat.drop.minecraft.stone_pickaxe":1,"stat.useItem.minecraft.stone":6,"stat.leaveGame":3,"stat.pickup.minecraft.stone_pickaxe":1,"stat.drop.minecraft.red_mushroom":13,"stat.mineBlock.minecraft.yellow_flower":3,"stat.jump":207,"stat.swimOneCm":1181,"stat.fallOneCm":269,"stat.useItem.minecraft.stone_axe":48,"stat.crouchOneCm":236,"stat.craftItem.minecraft.torch":4,"stat.pickup.minecraft.dirt":56,"stat.useItem.minecraft.dirt":7,"stat.pickup.minecraft.red_mushroom":13,"stat.craftingTableInteraction":11,"stat.pickup.minecraft.sand":7,"stat.craftItem.minecraft.stone_axe":1,"stat.mineBlock.minecraft.leaves2":1,"stat.mineBlock.minecraft.log2":61,"stat.mineBlock.minecraft.red_flower":2,"stat.craftItem.minecraft.stone_pickaxe":1,"stat.mineBlock.minecraft.torch":5,"stat.pickup.minecraft.cobblestone":5,"stat.pickup.minecraft.log2":61,"stat.flyOneCm":9421,"stat.pickup.minecraft.wheat_seeds":6,"stat.pickup.minecraft.brown_mushroom":1,"stat.mineBlock.minecraft.sand":7,"stat.useItem.minecraft.stone_pickaxe":104,"stat.damageDealt":80,"stat.sleepInBed":1,"stat.timeSinceDeath":45385,"stat.mineBlock.minecraft.dirt":63,"stat.useItem.minecraft.crafting_table":1,"stat.pickup.minecraft.mutton":2,"stat.pickup.minecraft.double_plant":6,"stat.walkOneCm":104403,"stat.useItem.minecraft.torch":6,"stat.pickup.minecraft.stick":2,"stat.pickup.minecraft.crafting_table":1,"stat.furnaceInteraction":1,"stat.pickup.minecraft.log":2,"stat.useItem.minecraft.double_plant":5,"stat.useItem.minecraft.yellow_flower":3,"stat.pickup.minecraft.stone":9,"stat.pickup.minecraft.sapling":2,"stat.sprintOneCm":19124,"stat.pickup.minecraft.apple":1,"stat.craftItem.minecraft.stick":4,"stat.craftItem.minecraft.planks":4,"stat.drop.minecraft.crafting_table":1,"stat.useItem.minecraft.wooden_pressure_plate":1,"stat.mobKills":1,"stat.mineBlock.minecraft.log":2,"stat.craftItem.minecraft.wooden_pressure_plate":1,"stat.drop":4,"stat.mineBlock.minecraft.leaves":10,"stat.playOneMinute":45385,"stat.pickup.minecraft.torch":6,"stat.killEntity.Sheep":1,"stat.pickup.minecraft.red_flower":2,"stat.sneakTime":28,"stat.pickup.minecraft.wool":1,"stat.mineBlock.minecraft.brown_mushroom_block":4,"stat.drop.minecraft.torch":1,"stat.pickup.minecraft.yellow_flower":3,"stat.mineBlock.minecraft.stone":16,"stat.mineBlock.minecraft.tallgrass":40,"stat.craftItem.minecraft.cooked_mutton":2,"stat.diveOneCm":934}